Title,Alternative Title,Description,Language,Creator,Provider,Resource Class,Resource Type,ISO Topic Categories,Keyword,Date Issued,Temporal Coverage,Date Range,Spatial Coverage,Bounding Box,Member Of,Is Part Of,Information,Download,MapServer,FeatureServer,ImageServer,ID,Identifier,Code,Rights,Access Rights,Accrual Method,Date Accessioned,Status,Suppressed,Child Record
,Level 1 (Ag),,eng,U-Spatial,University of Minnesota,??? Web services,,,,,,,,"-180.0,-88.9997,-179.9552,89.0",??? 05d-07|b0153110-e455-4ced-9114-9b13250a7093,??? ,https://umn.maps.arcgis.com/home/item.html?id=6a02959b55624c12b29da7b5cbb6b964&sublayer=0,,,,,??? 6a02959b55624c12b29da7b5cbb6b964_0,https://umn.maps.arcgis.com/home/item.html?id=6a02959b55624c12b29da7b5cbb6b964&sublayer=0,05d-07,,Public,ArcGIS Python API,2022-02-28,Active,FALSE,???
,Level 2 (Ag),,eng,U-Spatial,University of Minnesota,??? Web services,,,,,,,,"-180.0,-88.9997,-179.9552,89.0",??? 05d-07|b0153110-e455-4ced-9114-9b13250a7093,??? ,https://umn.maps.arcgis.com/home/item.html?id=6a02959b55624c12b29da7b5cbb6b964&sublayer=1,,,,,??? 6a02959b55624c12b29da7b5cbb6b964_1,https://umn.maps.arcgis.com/home/item.html?id=6a02959b55624c12b29da7b5cbb6b964&sublayer=1,05d-07,,Public,ArcGIS Python API,2022-02-28,Active,FALSE,???
,Level 3 (Ag),,eng,U-Spatial,University of Minnesota,??? Web services,,,,,,,,"-180.0,-88.9997,-179.9552,89.0",??? 05d-07|b0153110-e455-4ced-9114-9b13250a7093,??? ,https://umn.maps.arcgis.com/home/item.html?id=6a02959b55624c12b29da7b5cbb6b964&sublayer=2,,,,,??? 6a02959b55624c12b29da7b5cbb6b964_2,https://umn.maps.arcgis.com/home/item.html?id=6a02959b55624c12b29da7b5cbb6b964&sublayer=2,05d-07,,Public,ArcGIS Python API,2022-02-28,Active,FALSE,???
,Level 4 (Ag),,eng,U-Spatial,University of Minnesota,??? Web services,,,,,,,,"-180.0,-88.9997,-179.9552,89.0",??? 05d-07|b0153110-e455-4ced-9114-9b13250a7093,??? ,https://umn.maps.arcgis.com/home/item.html?id=6a02959b55624c12b29da7b5cbb6b964&sublayer=3,,,,,??? 6a02959b55624c12b29da7b5cbb6b964_3,https://umn.maps.arcgis.com/home/item.html?id=6a02959b55624c12b29da7b5cbb6b964&sublayer=3,05d-07,,Public,ArcGIS Python API,2022-02-28,Active,FALSE,???
,Level 5 (Ag),,eng,U-Spatial,University of Minnesota,??? Web services,,,,,,,,"-180.0,-88.9997,-179.9552,89.0",??? 05d-07|b0153110-e455-4ced-9114-9b13250a7093,??? ,https://umn.maps.arcgis.com/home/item.html?id=6a02959b55624c12b29da7b5cbb6b964&sublayer=4,,,,,??? 6a02959b55624c12b29da7b5cbb6b964_4,https://umn.maps.arcgis.com/home/item.html?id=6a02959b55624c12b29da7b5cbb6b964&sublayer=4,05d-07,,Public,ArcGIS Python API,2022-02-28,Active,FALSE,???
,Level 6 (Ag),,eng,U-Spatial,University of Minnesota,??? Web services,,,,,,,,"-180.0,-88.9997,-179.9552,89.0",??? 05d-07|b0153110-e455-4ced-9114-9b13250a7093,??? ,https://umn.maps.arcgis.com/home/item.html?id=6a02959b55624c12b29da7b5cbb6b964&sublayer=5,,,,,??? 6a02959b55624c12b29da7b5cbb6b964_5,https://umn.maps.arcgis.com/home/item.html?id=6a02959b55624c12b29da7b5cbb6b964&sublayer=5,05d-07,,Public,ArcGIS Python API,2022-02-28,Active,FALSE,???
,Level 7 (Ag),,eng,U-Spatial,University of Minnesota,??? Web services,,,,,,,,"-180.0,-88.9997,-179.9552,89.0",??? 05d-07|b0153110-e455-4ced-9114-9b13250a7093,??? ,https://umn.maps.arcgis.com/home/item.html?id=6a02959b55624c12b29da7b5cbb6b964&sublayer=6,,,,,??? 6a02959b55624c12b29da7b5cbb6b964_6,https://umn.maps.arcgis.com/home/item.html?id=6a02959b55624c12b29da7b5cbb6b964&sublayer=6,05d-07,,Public,ArcGIS Python API,2022-02-28,Active,FALSE,???
,Level 1 (Barren Uninhabited),,eng,U-Spatial,University of Minnesota,??? Web services,,,,,,,,"-180.0,-89.0008,-179.9283,89.0",??? 05d-07|b0153110-e455-4ced-9114-9b13250a7093,??? ,https://umn.maps.arcgis.com/home/item.html?id=88c5358da6fd4b8c895e17ca0b570e4b&sublayer=0,,,,,??? 88c5358da6fd4b8c895e17ca0b570e4b_0,https://umn.maps.arcgis.com/home/item.html?id=88c5358da6fd4b8c895e17ca0b570e4b&sublayer=0,05d-07,,Public,ArcGIS Python API,2022-02-28,Active,FALSE,???
,Level 2 (Barren Uninhabited),,eng,U-Spatial,University of Minnesota,??? Web services,,,,,,,,"-180.0,-89.0008,-179.9283,89.0",??? 05d-07|b0153110-e455-4ced-9114-9b13250a7093,??? ,https://umn.maps.arcgis.com/home/item.html?id=88c5358da6fd4b8c895e17ca0b570e4b&sublayer=1,,,,,??? 88c5358da6fd4b8c895e17ca0b570e4b_1,https://umn.maps.arcgis.com/home/item.html?id=88c5358da6fd4b8c895e17ca0b570e4b&sublayer=1,05d-07,,Public,ArcGIS Python API,2022-02-28,Active,FALSE,???
,Level 3 (Barren Uninhabited),,eng,U-Spatial,University of Minnesota,??? Web services,,,,,,,,"-180.0,-89.0008,-179.9283,89.0",??? 05d-07|b0153110-e455-4ced-9114-9b13250a7093,??? ,https://umn.maps.arcgis.com/home/item.html?id=88c5358da6fd4b8c895e17ca0b570e4b&sublayer=2,,,,,??? 88c5358da6fd4b8c895e17ca0b570e4b_2,https://umn.maps.arcgis.com/home/item.html?id=88c5358da6fd4b8c895e17ca0b570e4b&sublayer=2,05d-07,,Public,ArcGIS Python API,2022-02-28,Active,FALSE,???
,Level 4 (Barren Uninhabited),,eng,U-Spatial,University of Minnesota,??? Web services,,,,,,,,"-180.0,-89.0008,-179.9283,89.0",??? 05d-07|b0153110-e455-4ced-9114-9b13250a7093,??? ,https://umn.maps.arcgis.com/home/item.html?id=88c5358da6fd4b8c895e17ca0b570e4b&sublayer=3,,,,,??? 88c5358da6fd4b8c895e17ca0b570e4b_3,https://umn.maps.arcgis.com/home/item.html?id=88c5358da6fd4b8c895e17ca0b570e4b&sublayer=3,05d-07,,Public,ArcGIS Python API,2022-02-28,Active,FALSE,???
,Level 5 (Barren Uninhabited),,eng,U-Spatial,University of Minnesota,??? Web services,,,,,,,,"-180.0,-89.0008,-179.9283,89.0",??? 05d-07|b0153110-e455-4ced-9114-9b13250a7093,??? ,https://umn.maps.arcgis.com/home/item.html?id=88c5358da6fd4b8c895e17ca0b570e4b&sublayer=4,,,,,??? 88c5358da6fd4b8c895e17ca0b570e4b_4,https://umn.maps.arcgis.com/home/item.html?id=88c5358da6fd4b8c895e17ca0b570e4b&sublayer=4,05d-07,,Public,ArcGIS Python API,2022-02-28,Active,FALSE,???
,Level 6 (Barren Uninhabited),,eng,U-Spatial,University of Minnesota,??? Web services,,,,,,,,"-180.0,-89.0008,-179.9283,89.0",??? 05d-07|b0153110-e455-4ced-9114-9b13250a7093,??? ,https://umn.maps.arcgis.com/home/item.html?id=88c5358da6fd4b8c895e17ca0b570e4b&sublayer=5,,,,,??? 88c5358da6fd4b8c895e17ca0b570e4b_5,https://umn.maps.arcgis.com/home/item.html?id=88c5358da6fd4b8c895e17ca0b570e4b&sublayer=5,05d-07,,Public,ArcGIS Python API,2022-02-28,Active,FALSE,???
,Level 7 (Barren Uninhabited),,eng,U-Spatial,University of Minnesota,??? Web services,,,,,,,,"-180.0,-89.0008,-179.9283,89.0",??? 05d-07|b0153110-e455-4ced-9114-9b13250a7093,??? ,https://umn.maps.arcgis.com/home/item.html?id=88c5358da6fd4b8c895e17ca0b570e4b&sublayer=6,,,,,??? 88c5358da6fd4b8c895e17ca0b570e4b_6,https://umn.maps.arcgis.com/home/item.html?id=88c5358da6fd4b8c895e17ca0b570e4b&sublayer=6,05d-07,,Public,ArcGIS Python API,2022-02-28,Active,FALSE,???
,Afghanistan_1981_1991,Afghanistan refugee migrations to the top 10 destination countries during the course of the Soviet-Afghan War from 1981 to 1991. ,eng,U-Spatial,University of Minnesota,??? Web services,,,,2016-12-01,,,,"-99.6322,23.2436,79.6039,80.6842",??? 05d-07|b0153110-e455-4ced-9114-9b13250a7093,??? ,https://umn.maps.arcgis.com/home/item.html?id=c69b75a12ca64324a0109d48db735f6d&sublayer=0,,,,,??? c69b75a12ca64324a0109d48db735f6d_0,https://umn.maps.arcgis.com/home/item.html?id=c69b75a12ca64324a0109d48db735f6d&sublayer=0,05d-07,,Public,ArcGIS Python API,2022-02-28,Active,FALSE,???
,Syria_2012_2015,Syrian Arab Republic refugee migrations to the top 10 destination countries during the course of the Syrian Civil War from 2012 to 2015. ,eng,U-Spatial,University of Minnesota,??? Web services,,,,2016-12-01,,,,"5.3332,26.6579,44.9334,66.5864",??? 05d-07|b0153110-e455-4ced-9114-9b13250a7093,??? ,https://umn.maps.arcgis.com/home/item.html?id=c69b75a12ca64324a0109d48db735f6d&sublayer=1,,,,,??? c69b75a12ca64324a0109d48db735f6d_1,https://umn.maps.arcgis.com/home/item.html?id=c69b75a12ca64324a0109d48db735f6d&sublayer=1,05d-07,,Public,ArcGIS Python API,2022-02-28,Active,FALSE,???
,Iraq_2006_2011,Iraqi refugee migrations to the top 10 destination countries during the course of sectarian violence from 2006 to 2011. ,eng,U-Spatial,University of Minnesota,??? Web services,,,,2016-12-01,,,,"5.3332,26.6579,54.2189,66.5864",??? 05d-07|b0153110-e455-4ced-9114-9b13250a7093,??? ,https://umn.maps.arcgis.com/home/item.html?id=c69b75a12ca64324a0109d48db735f6d&sublayer=2,,,,,??? c69b75a12ca64324a0109d48db735f6d_2,https://umn.maps.arcgis.com/home/item.html?id=c69b75a12ca64324a0109d48db735f6d&sublayer=2,05d-07,,Public,ArcGIS Python API,2022-02-28,Active,FALSE,???
,Ethiopia_1979_1990,Ethiopian refugee migrations to the top 10 destination countries during the course of the Ethiopian Civil War from 1979 to 1990. ,eng,U-Spatial,University of Minnesota,??? Web services,,,,2016-12-01,,,,"12.575,0.5424,53.9856,42.8015",??? 05d-07|b0153110-e455-4ced-9114-9b13250a7093,??? ,https://umn.maps.arcgis.com/home/item.html?id=c69b75a12ca64324a0109d48db735f6d&sublayer=3,,,,,??? c69b75a12ca64324a0109d48db735f6d_3,https://umn.maps.arcgis.com/home/item.html?id=c69b75a12ca64324a0109d48db735f6d&sublayer=3,05d-07,,Public,ArcGIS Python API,2022-02-28,Active,FALSE,???
,Somalia_2010_2015,Somali refugee migrations for the top 10 destination countries during the course of the Somali Civil War from 2010 to 2015. ,eng,U-Spatial,University of Minnesota,??? Web services,,,,2016-12-01,,,,"-0.2465,-29.1308,46.2028,66.5864",??? 05d-07|b0153110-e455-4ced-9114-9b13250a7093,??? ,https://umn.maps.arcgis.com/home/item.html?id=c69b75a12ca64324a0109d48db735f6d&sublayer=4,,,,,??? c69b75a12ca64324a0109d48db735f6d_4,https://umn.maps.arcgis.com/home/item.html?id=c69b75a12ca64324a0109d48db735f6d&sublayer=4,05d-07,,Public,ArcGIS Python API,2022-02-28,Active,FALSE,???
,Refugee_Origins,"The five largest refugee origin countries from 1951 to 2015: 
1. Afghanistan 
2. Syrian Arab Republic
3. Iraq
4. Ethiopia
5. Somalia",eng,U-Spatial,University of Minnesota,??? Web services,,,,,,,,"38.5069,4.3976,66.0654,35.0382",??? 05d-07|b0153110-e455-4ced-9114-9b13250a7093,??? ,https://umn.maps.arcgis.com/home/item.html?id=c69b75a12ca64324a0109d48db735f6d&sublayer=5,,,,,??? c69b75a12ca64324a0109d48db735f6d_5,https://umn.maps.arcgis.com/home/item.html?id=c69b75a12ca64324a0109d48db735f6d&sublayer=5,05d-07,,Public,ArcGIS Python API,2022-02-28,Active,FALSE,???
,Level 1 (Forest Inhabited),,eng,U-Spatial,University of Minnesota,??? Web services,,,,,,,,"-180.0,-89.0008,-179.9283,89.0",??? 05d-07|b0153110-e455-4ced-9114-9b13250a7093,??? ,https://umn.maps.arcgis.com/home/item.html?id=39934cac52904b3aabb96ca8c491bfdc&sublayer=0,,,,,??? 39934cac52904b3aabb96ca8c491bfdc_0,https://umn.maps.arcgis.com/home/item.html?id=39934cac52904b3aabb96ca8c491bfdc&sublayer=0,05d-07,,Public,ArcGIS Python API,2022-02-28,Active,FALSE,???
,Level 2 (Forest Inhabited),,eng,U-Spatial,University of Minnesota,??? Web services,,,,,,,,"-180.0,-89.0008,-179.9283,89.0",??? 05d-07|b0153110-e455-4ced-9114-9b13250a7093,??? ,https://umn.maps.arcgis.com/home/item.html?id=39934cac52904b3aabb96ca8c491bfdc&sublayer=1,,,,,??? 39934cac52904b3aabb96ca8c491bfdc_1,https://umn.maps.arcgis.com/home/item.html?id=39934cac52904b3aabb96ca8c491bfdc&sublayer=1,05d-07,,Public,ArcGIS Python API,2022-02-28,Active,FALSE,???
,Level 3 (Forest Inhabited),,eng,U-Spatial,University of Minnesota,??? Web services,,,,,,,,"-180.0,-89.0008,-179.9283,89.0",??? 05d-07|b0153110-e455-4ced-9114-9b13250a7093,??? ,https://umn.maps.arcgis.com/home/item.html?id=39934cac52904b3aabb96ca8c491bfdc&sublayer=2,,,,,??? 39934cac52904b3aabb96ca8c491bfdc_2,https://umn.maps.arcgis.com/home/item.html?id=39934cac52904b3aabb96ca8c491bfdc&sublayer=2,05d-07,,Public,ArcGIS Python API,2022-02-28,Active,FALSE,???
,Level 4 (Forest Inhabited),,eng,U-Spatial,University of Minnesota,??? Web services,,,,,,,,"-180.0,-89.0008,-179.9283,89.0",??? 05d-07|b0153110-e455-4ced-9114-9b13250a7093,??? ,https://umn.maps.arcgis.com/home/item.html?id=39934cac52904b3aabb96ca8c491bfdc&sublayer=3,,,,,??? 39934cac52904b3aabb96ca8c491bfdc_3,https://umn.maps.arcgis.com/home/item.html?id=39934cac52904b3aabb96ca8c491bfdc&sublayer=3,05d-07,,Public,ArcGIS Python API,2022-02-28,Active,FALSE,???
,Level 5 (Forest Inhabited),,eng,U-Spatial,University of Minnesota,??? Web services,,,,,,,,"-180.0,-89.0008,-179.9283,89.0",??? 05d-07|b0153110-e455-4ced-9114-9b13250a7093,??? ,https://umn.maps.arcgis.com/home/item.html?id=39934cac52904b3aabb96ca8c491bfdc&sublayer=4,,,,,??? 39934cac52904b3aabb96ca8c491bfdc_4,https://umn.maps.arcgis.com/home/item.html?id=39934cac52904b3aabb96ca8c491bfdc&sublayer=4,05d-07,,Public,ArcGIS Python API,2022-02-28,Active,FALSE,???
,Level 6 (Forest Inhabited),,eng,U-Spatial,University of Minnesota,??? Web services,,,,,,,,"-180.0,-89.0008,-179.9283,89.0",??? 05d-07|b0153110-e455-4ced-9114-9b13250a7093,??? ,https://umn.maps.arcgis.com/home/item.html?id=39934cac52904b3aabb96ca8c491bfdc&sublayer=5,,,,,??? 39934cac52904b3aabb96ca8c491bfdc_5,https://umn.maps.arcgis.com/home/item.html?id=39934cac52904b3aabb96ca8c491bfdc&sublayer=5,05d-07,,Public,ArcGIS Python API,2022-02-28,Active,FALSE,???
,Level 7 (Forest Inhabited),,eng,U-Spatial,University of Minnesota,??? Web services,,,,,,,,"-180.0,-89.0008,-179.9283,89.0",??? 05d-07|b0153110-e455-4ced-9114-9b13250a7093,??? ,https://umn.maps.arcgis.com/home/item.html?id=39934cac52904b3aabb96ca8c491bfdc&sublayer=6,,,,,??? 39934cac52904b3aabb96ca8c491bfdc_6,https://umn.maps.arcgis.com/home/item.html?id=39934cac52904b3aabb96ca8c491bfdc&sublayer=6,05d-07,,Public,ArcGIS Python API,2022-02-28,Active,FALSE,???
,Level 1 (Forest Uninhabited),,eng,U-Spatial,University of Minnesota,??? Web services,,,,,,,,"-180.0,-89.0008,-179.9283,89.0",??? 05d-07|b0153110-e455-4ced-9114-9b13250a7093,??? ,https://umn.maps.arcgis.com/home/item.html?id=e5ac91c2f0314ae7bf7f12319fc57717&sublayer=0,,,,,??? e5ac91c2f0314ae7bf7f12319fc57717_0,https://umn.maps.arcgis.com/home/item.html?id=e5ac91c2f0314ae7bf7f12319fc57717&sublayer=0,05d-07,,Public,ArcGIS Python API,2022-02-28,Active,FALSE,???
,Level 2 (Forest Uninhabited),,eng,U-Spatial,University of Minnesota,??? Web services,,,,,,,,"-180.0,-89.0008,-179.9283,89.0",??? 05d-07|b0153110-e455-4ced-9114-9b13250a7093,??? ,https://umn.maps.arcgis.com/home/item.html?id=e5ac91c2f0314ae7bf7f12319fc57717&sublayer=1,,,,,??? e5ac91c2f0314ae7bf7f12319fc57717_1,https://umn.maps.arcgis.com/home/item.html?id=e5ac91c2f0314ae7bf7f12319fc57717&sublayer=1,05d-07,,Public,ArcGIS Python API,2022-02-28,Active,FALSE,???
,Level 3 (Forest Uninhabited),,eng,U-Spatial,University of Minnesota,??? Web services,,,,,,,,"-180.0,-89.0008,-179.9283,89.0",??? 05d-07|b0153110-e455-4ced-9114-9b13250a7093,??? ,https://umn.maps.arcgis.com/home/item.html?id=e5ac91c2f0314ae7bf7f12319fc57717&sublayer=2,,,,,??? e5ac91c2f0314ae7bf7f12319fc57717_2,https://umn.maps.arcgis.com/home/item.html?id=e5ac91c2f0314ae7bf7f12319fc57717&sublayer=2,05d-07,,Public,ArcGIS Python API,2022-02-28,Active,FALSE,???
,Level 4 (Forest Uninhabited),,eng,U-Spatial,University of Minnesota,??? Web services,,,,,,,,"-180.0,-89.0008,-179.9283,89.0",??? 05d-07|b0153110-e455-4ced-9114-9b13250a7093,??? ,https://umn.maps.arcgis.com/home/item.html?id=e5ac91c2f0314ae7bf7f12319fc57717&sublayer=3,,,,,??? e5ac91c2f0314ae7bf7f12319fc57717_3,https://umn.maps.arcgis.com/home/item.html?id=e5ac91c2f0314ae7bf7f12319fc57717&sublayer=3,05d-07,,Public,ArcGIS Python API,2022-02-28,Active,FALSE,???
,Level 5 (Forest Uninhabited),,eng,U-Spatial,University of Minnesota,??? Web services,,,,,,,,"-180.0,-89.0008,-179.9283,89.0",??? 05d-07|b0153110-e455-4ced-9114-9b13250a7093,??? ,https://umn.maps.arcgis.com/home/item.html?id=e5ac91c2f0314ae7bf7f12319fc57717&sublayer=4,,,,,??? e5ac91c2f0314ae7bf7f12319fc57717_4,https://umn.maps.arcgis.com/home/item.html?id=e5ac91c2f0314ae7bf7f12319fc57717&sublayer=4,05d-07,,Public,ArcGIS Python API,2022-02-28,Active,FALSE,???
,Level 6 (Forest Uninhabited),,eng,U-Spatial,University of Minnesota,??? Web services,,,,,,,,"-180.0,-89.0008,-179.9283,89.0",??? 05d-07|b0153110-e455-4ced-9114-9b13250a7093,??? ,https://umn.maps.arcgis.com/home/item.html?id=e5ac91c2f0314ae7bf7f12319fc57717&sublayer=5,,,,,??? e5ac91c2f0314ae7bf7f12319fc57717_5,https://umn.maps.arcgis.com/home/item.html?id=e5ac91c2f0314ae7bf7f12319fc57717&sublayer=5,05d-07,,Public,ArcGIS Python API,2022-02-28,Active,FALSE,???
,Level 7 (Forest Uninhabited),,eng,U-Spatial,University of Minnesota,??? Web services,,,,,,,,"-180.0,-89.0008,-179.9283,89.0",??? 05d-07|b0153110-e455-4ced-9114-9b13250a7093,??? ,https://umn.maps.arcgis.com/home/item.html?id=e5ac91c2f0314ae7bf7f12319fc57717&sublayer=6,,,,,??? e5ac91c2f0314ae7bf7f12319fc57717_6,https://umn.maps.arcgis.com/home/item.html?id=e5ac91c2f0314ae7bf7f12319fc57717&sublayer=6,05d-07,,Public,ArcGIS Python API,2022-02-28,Active,FALSE,???
,Coal_Production,"Global coal production by country, 1990 to 2013.",eng,U-Spatial,University of Minnesota,??? Web services,,,,,,,,"-179.9222,-85.907,179.2178,78.8086",??? 05d-07|b0153110-e455-4ced-9114-9b13250a7093,??? ,https://umn.maps.arcgis.com/home/item.html?id=ab6b5d9c11134189a592af7dcec68442&sublayer=0,,,,,??? ab6b5d9c11134189a592af7dcec68442_0,https://umn.maps.arcgis.com/home/item.html?id=ab6b5d9c11134189a592af7dcec68442&sublayer=0,05d-07,,Public,ArcGIS Python API,2022-02-28,Active,FALSE,???
,Oil_Production,"Global oil production by country, 1990 - 2014",eng,U-Spatial,University of Minnesota,??? Web services,,,,,,,,"-179.9222,-85.907,179.2178,78.8086",??? 05d-07|b0153110-e455-4ced-9114-9b13250a7093,??? ,https://umn.maps.arcgis.com/home/item.html?id=ab6b5d9c11134189a592af7dcec68442&sublayer=1,,,,,??? ab6b5d9c11134189a592af7dcec68442_1,https://umn.maps.arcgis.com/home/item.html?id=ab6b5d9c11134189a592af7dcec68442&sublayer=1,05d-07,,Public,ArcGIS Python API,2022-02-28,Active,FALSE,???
,Oil_Reserves,"Global oil reserves by country, 1990 - 2014",eng,U-Spatial,University of Minnesota,??? Web services,,,,,,,,"-179.9222,-85.907,179.2178,78.8086",??? 05d-07|b0153110-e455-4ced-9114-9b13250a7093,??? ,https://umn.maps.arcgis.com/home/item.html?id=ab6b5d9c11134189a592af7dcec68442&sublayer=2,,,,,??? ab6b5d9c11134189a592af7dcec68442_2,https://umn.maps.arcgis.com/home/item.html?id=ab6b5d9c11134189a592af7dcec68442&sublayer=2,05d-07,,Public,ArcGIS Python API,2022-02-28,Active,FALSE,???
,Natural_Gas_Production,"Global natural gas production by country, 1990 - 2014",eng,U-Spatial,University of Minnesota,??? Web services,,,,,,,,"-179.9222,-85.907,179.2178,78.8086",??? 05d-07|b0153110-e455-4ced-9114-9b13250a7093,??? ,https://umn.maps.arcgis.com/home/item.html?id=ab6b5d9c11134189a592af7dcec68442&sublayer=3,,,,,??? ab6b5d9c11134189a592af7dcec68442_3,https://umn.maps.arcgis.com/home/item.html?id=ab6b5d9c11134189a592af7dcec68442&sublayer=3,05d-07,,Public,ArcGIS Python API,2022-02-28,Active,FALSE,???
,Natural_Gas_Reserves,"Global natural gas reserves by country, 1990 - 2014",eng,U-Spatial,University of Minnesota,??? Web services,,,,,,,,"-179.9222,-85.907,179.2178,78.8086",??? 05d-07|b0153110-e455-4ced-9114-9b13250a7093,??? ,https://umn.maps.arcgis.com/home/item.html?id=ab6b5d9c11134189a592af7dcec68442&sublayer=4,,,,,??? ab6b5d9c11134189a592af7dcec68442_4,https://umn.maps.arcgis.com/home/item.html?id=ab6b5d9c11134189a592af7dcec68442&sublayer=4,05d-07,,Public,ArcGIS Python API,2022-02-28,Active,FALSE,???
,Year_2000,"Political national boundaries as they were in 2000.

Source:
United States Central Intelligence Agency. (2000). Library of Congress. Retrieved May 3, 2016 from https://www.loc.gov/maps/.",eng,U-Spatial,University of Minnesota,??? Web services,,,,2016-10-13,,,,"-180.0,-89.0,180.0,83.6236",??? 05d-07|b0153110-e455-4ced-9114-9b13250a7093,??? ,https://umn.maps.arcgis.com/home/item.html?id=85e35d64d67f425c94ebca45dad6568a&sublayer=0,,,,,??? 85e35d64d67f425c94ebca45dad6568a_0,https://umn.maps.arcgis.com/home/item.html?id=85e35d64d67f425c94ebca45dad6568a&sublayer=0,05d-07,,Public,ArcGIS Python API,2022-02-28,Active,FALSE,???
,Year_1990,"Political national boundaries as they were in 1990.

Source:
Hammond World Map. (1992). Hammond Incorporated.",eng,U-Spatial,University of Minnesota,??? Web services,,,,2016-10-13,,,,"-180.0,-89.0,180.0,83.6236",??? 05d-07|b0153110-e455-4ced-9114-9b13250a7093,??? ,https://umn.maps.arcgis.com/home/item.html?id=85e35d64d67f425c94ebca45dad6568a&sublayer=1,,,,,??? 85e35d64d67f425c94ebca45dad6568a_1,https://umn.maps.arcgis.com/home/item.html?id=85e35d64d67f425c94ebca45dad6568a&sublayer=1,05d-07,,Public,ArcGIS Python API,2022-02-28,Active,FALSE,???
,Year_1970,"Political national boundaries as they were in 1970.

Source:
1971 Commercial Atlas & Marketing Guide, 102nd Edition. (1971). Rand McNally & Company, Chicago, IL. ",eng,U-Spatial,University of Minnesota,??? Web services,,,,2016-10-13,,,,"-180.0,-89.0,180.0,83.6236",??? 05d-07|b0153110-e455-4ced-9114-9b13250a7093,??? ,https://umn.maps.arcgis.com/home/item.html?id=85e35d64d67f425c94ebca45dad6568a&sublayer=2,,,,,??? 85e35d64d67f425c94ebca45dad6568a_2,https://umn.maps.arcgis.com/home/item.html?id=85e35d64d67f425c94ebca45dad6568a&sublayer=2,05d-07,,Public,ArcGIS Python API,2022-02-28,Active,FALSE,???
,Year_1945,"Political national boundaries as they were in 1945.

Sources:
The World Mercator’s Projection. (1944). Army Map Service, Washington, D.C.
Invasion Study Map of Northern and Southern Europe. (1943). J.W. Clement Company, Buffalo, N.Y. acquired April 14, 2016 from http://www.davidrumsey.com/luna/servlet/detail/RUMSEY~8~1~247153~5515299:Invasion-Study-map-of-Northern-Euro?sort=Pub_List_No_InitialSort%2CPub_Date%2CPub_List_No%2CSeries_No?&qvq=q:europe%2B1939;sort:Pub_List_No_InitialSort%2CPub_Date%2CPub_List_No%2CSeries_No;lc:RUMSEY~8~1&mi=8&trs=10
Flapiethf. (2015). Wikimedia Commons, “French Indochina 1900 - 1946”, acquired June 7, 2016 from https://commons.wikimedia.org/wiki/File:French_Indochina_1900-1946-fr.svg",eng,U-Spatial,University of Minnesota,??? Web services,,,,2016-10-13,,,,"-180.0,-89.0,180.0,83.6236",??? 05d-07|b0153110-e455-4ced-9114-9b13250a7093,??? ,https://umn.maps.arcgis.com/home/item.html?id=85e35d64d67f425c94ebca45dad6568a&sublayer=3,,,,,??? 85e35d64d67f425c94ebca45dad6568a_3,https://umn.maps.arcgis.com/home/item.html?id=85e35d64d67f425c94ebca45dad6568a&sublayer=3,05d-07,,Public,ArcGIS Python API,2022-02-28,Active,FALSE,???
,Year_1939,"Political national boundaries as they were in 1939.

Sources:
Rand McNally Popular Maps. (1939). Rand McNally & Company acquired April 14, 2016 from http://www.davidrumsey.com/luna/servlet/detail/RUMSEY~8~1~247200~5515267:Rand-McNally-Popular-map-of-the-Cen?sort=Pub_List_No_InitialSort%2CPub_Date%2CPub_List_No%2CSeries_No?&qvq=q:europe%2B1939;sort:Pub_List_No_InitialSort%2CPub_Date%2CPub_List_No%2CSeries_No;lc:RUMSEY~8~1&mi=4&trs=10
Invasion Study Map of Northern and Southern Europe. (1943). J.W. Clement Company, Buffalo, N.Y. acquired April 14, 2016 from http://www.davidrumsey.com/luna/servlet/detail/RUMSEY~8~1~247153~5515299:Invasion-Study-map-of-Northern-Euro?sort=Pub_List_No_InitialSort%2CPub_Date%2CPub_List_No%2CSeries_No?&qvq=q:europe%2B1939;sort:Pub_List_No_InitialSort%2CPub_Date%2CPub_List_No%2CSeries_No;lc:RUMSEY~8~1&mi=8&trs=10",eng,U-Spatial,University of Minnesota,??? Web services,,,,2016-10-13,,,,"-180.0,-89.0,180.0,83.6236",??? 05d-07|b0153110-e455-4ced-9114-9b13250a7093,??? ,https://umn.maps.arcgis.com/home/item.html?id=85e35d64d67f425c94ebca45dad6568a&sublayer=4,,,,,??? 85e35d64d67f425c94ebca45dad6568a_4,https://umn.maps.arcgis.com/home/item.html?id=85e35d64d67f425c94ebca45dad6568a&sublayer=4,05d-07,,Public,ArcGIS Python API,2022-02-28,Active,FALSE,???
,Year_1918,"Political national boundaries as they were in 1918.

Source:
Rand McNally & Company’s New Atlas of the World. (1918). Rand McNally & Company, Chicago-New York, U.S.A.",eng,U-Spatial,University of Minnesota,??? Web services,,,,2016-10-13,,,,"-180.0,-89.0,180.0,83.6236",??? 05d-07|b0153110-e455-4ced-9114-9b13250a7093,??? ,https://umn.maps.arcgis.com/home/item.html?id=85e35d64d67f425c94ebca45dad6568a&sublayer=5,,,,,??? 85e35d64d67f425c94ebca45dad6568a_5,https://umn.maps.arcgis.com/home/item.html?id=85e35d64d67f425c94ebca45dad6568a&sublayer=5,05d-07,,Public,ArcGIS Python API,2022-02-28,Active,FALSE,???
,Year_1914,"Political national boundaries as they were in 1914. 

Sources:
The Rand McNally New Library Atlas of North America. (1914). Rand McNally & Company.
J.G. Bartholomew LLD. (1914). An Atlas of Economic Geography. Oxford University Press. 
",eng,U-Spatial,University of Minnesota,??? Web services,,,,2016-10-13,,,,"-180.0,-89.0,180.0,83.6236",??? 05d-07|b0153110-e455-4ced-9114-9b13250a7093,??? ,https://umn.maps.arcgis.com/home/item.html?id=85e35d64d67f425c94ebca45dad6568a&sublayer=6,,,,,??? 85e35d64d67f425c94ebca45dad6568a_6,https://umn.maps.arcgis.com/home/item.html?id=85e35d64d67f425c94ebca45dad6568a&sublayer=6,05d-07,,Public,ArcGIS Python API,2022-02-28,Active,FALSE,???
,Year_1800,"Political national boundaries as they were in the year 1800. 

Sources:
Wilkinson, Robert.  (January 1, 1800). Africa including the Mediterranean. Rob Wilkinson, No. 58, Cornhill, London, UK acquired June 9, 2016 from http://www.davidrumsey.com/luna/servlet/detail/RUMSEY~8~1~241798~5512738:Africa-including-the-Mediterranean,?sort=Pub_List_No_InitialSort%2CPub_Date%2CPub_List_No%2CSeries_No?&qvq=w4s:/when%2F1800;q:world;sort:Pub_List_No_InitialSort%2CPub_Date%2CPub_List_No%2CSeries_No;lc:RUMSEY~8~1&mi=15&trs=42#
Wilkinson, Robert.  (1800). A New Mercator’s Chart. Rob Wilkinson, No. 58, Cornhill, London, UK acquired June 9, 2016 from http://www.davidrumsey.com/luna/servlet/detail/RUMSEY~8~1~241682~5512697:Mercators-Chart-?sort=Pub_List_No_InitialSort%2CPub_Date%2CPub_List_No%2CSeries_No?&qvq=w4s:/when%2F1800;q:world;sort:Pub_List_No_InitialSort%2CPub_Date%2CPub_List_No%2CSeries_No;lc:RUMSEY~8~1&mi=7&trs=42
Conder, T., and Millar, George. (1800). North America, agreeable to the most approved maps and charts. Acquired June 9, 2016 from http://umedia.lib.umn.edu/node/710401",eng,U-Spatial,University of Minnesota,??? Web services,,,,2016-10-13,,,,"-180.0,-89.0,180.0,83.6236",??? 05d-07|b0153110-e455-4ced-9114-9b13250a7093,??? ,https://umn.maps.arcgis.com/home/item.html?id=85e35d64d67f425c94ebca45dad6568a&sublayer=7,,,,,??? 85e35d64d67f425c94ebca45dad6568a_7,https://umn.maps.arcgis.com/home/item.html?id=85e35d64d67f425c94ebca45dad6568a&sublayer=7,05d-07,,Public,ArcGIS Python API,2022-02-28,Active,FALSE,???
,Level 1 (Land Use 1900),,eng,U-Spatial,University of Minnesota,??? Web services,,,,,,,,"-180.0,-89.0006,-179.9854,89.0",??? 05d-07|b0153110-e455-4ced-9114-9b13250a7093,??? ,https://umn.maps.arcgis.com/home/item.html?id=426b954b5be74d599b6ce85f2ad10642&sublayer=0,,,,,??? 426b954b5be74d599b6ce85f2ad10642_0,https://umn.maps.arcgis.com/home/item.html?id=426b954b5be74d599b6ce85f2ad10642&sublayer=0,05d-07,,Public,ArcGIS Python API,2022-02-28,Active,FALSE,???
,Level 2 (Land Use 1900),,eng,U-Spatial,University of Minnesota,??? Web services,,,,,,,,"-180.0,-89.0006,-179.9854,89.0",??? 05d-07|b0153110-e455-4ced-9114-9b13250a7093,??? ,https://umn.maps.arcgis.com/home/item.html?id=426b954b5be74d599b6ce85f2ad10642&sublayer=1,,,,,??? 426b954b5be74d599b6ce85f2ad10642_1,https://umn.maps.arcgis.com/home/item.html?id=426b954b5be74d599b6ce85f2ad10642&sublayer=1,05d-07,,Public,ArcGIS Python API,2022-02-28,Active,FALSE,???
,Level 3 (Land Use 1900),,eng,U-Spatial,University of Minnesota,??? Web services,,,,,,,,"-180.0,-89.0006,-179.9854,89.0",??? 05d-07|b0153110-e455-4ced-9114-9b13250a7093,??? ,https://umn.maps.arcgis.com/home/item.html?id=426b954b5be74d599b6ce85f2ad10642&sublayer=2,,,,,??? 426b954b5be74d599b6ce85f2ad10642_2,https://umn.maps.arcgis.com/home/item.html?id=426b954b5be74d599b6ce85f2ad10642&sublayer=2,05d-07,,Public,ArcGIS Python API,2022-02-28,Active,FALSE,???
,Level 4 (Land Use 1900),,eng,U-Spatial,University of Minnesota,??? Web services,,,,,,,,"-180.0,-89.0006,-179.9854,89.0",??? 05d-07|b0153110-e455-4ced-9114-9b13250a7093,??? ,https://umn.maps.arcgis.com/home/item.html?id=426b954b5be74d599b6ce85f2ad10642&sublayer=3,,,,,??? 426b954b5be74d599b6ce85f2ad10642_3,https://umn.maps.arcgis.com/home/item.html?id=426b954b5be74d599b6ce85f2ad10642&sublayer=3,05d-07,,Public,ArcGIS Python API,2022-02-28,Active,FALSE,???
,Level 5 (Land Use 1900),,eng,U-Spatial,University of Minnesota,??? Web services,,,,,,,,"-180.0,-89.0006,-179.9854,89.0",??? 05d-07|b0153110-e455-4ced-9114-9b13250a7093,??? ,https://umn.maps.arcgis.com/home/item.html?id=426b954b5be74d599b6ce85f2ad10642&sublayer=4,,,,,??? 426b954b5be74d599b6ce85f2ad10642_4,https://umn.maps.arcgis.com/home/item.html?id=426b954b5be74d599b6ce85f2ad10642&sublayer=4,05d-07,,Public,ArcGIS Python API,2022-02-28,Active,FALSE,???
,Level 6 (Land Use 1900),,eng,U-Spatial,University of Minnesota,??? Web services,,,,,,,,"-180.0,-89.0006,-179.9854,89.0",??? 05d-07|b0153110-e455-4ced-9114-9b13250a7093,??? ,https://umn.maps.arcgis.com/home/item.html?id=426b954b5be74d599b6ce85f2ad10642&sublayer=5,,,,,??? 426b954b5be74d599b6ce85f2ad10642_5,https://umn.maps.arcgis.com/home/item.html?id=426b954b5be74d599b6ce85f2ad10642&sublayer=5,05d-07,,Public,ArcGIS Python API,2022-02-28,Active,FALSE,???
,Level 7 (Land Use 1900),,eng,U-Spatial,University of Minnesota,??? Web services,,,,,,,,"-180.0,-89.0006,-179.9854,89.0",??? 05d-07|b0153110-e455-4ced-9114-9b13250a7093,??? ,https://umn.maps.arcgis.com/home/item.html?id=426b954b5be74d599b6ce85f2ad10642&sublayer=6,,,,,??? 426b954b5be74d599b6ce85f2ad10642_6,https://umn.maps.arcgis.com/home/item.html?id=426b954b5be74d599b6ce85f2ad10642&sublayer=6,05d-07,,Public,ArcGIS Python API,2022-02-28,Active,FALSE,???
,Level 1 (Land Use 2000),,eng,U-Spatial,University of Minnesota,??? Web services,,,,,,,,"-180.0,-89.0006,-179.9854,89.0",??? 05d-07|b0153110-e455-4ced-9114-9b13250a7093,??? ,https://umn.maps.arcgis.com/home/item.html?id=5d4a0f170e8e4858b8142ffc2057feb6&sublayer=0,,,,,??? 5d4a0f170e8e4858b8142ffc2057feb6_0,https://umn.maps.arcgis.com/home/item.html?id=5d4a0f170e8e4858b8142ffc2057feb6&sublayer=0,05d-07,,Public,ArcGIS Python API,2022-02-28,Active,FALSE,???
,Level 2 (Land Use 2000),,eng,U-Spatial,University of Minnesota,??? Web services,,,,,,,,"-180.0,-89.0006,-179.9854,89.0",??? 05d-07|b0153110-e455-4ced-9114-9b13250a7093,??? ,https://umn.maps.arcgis.com/home/item.html?id=5d4a0f170e8e4858b8142ffc2057feb6&sublayer=1,,,,,??? 5d4a0f170e8e4858b8142ffc2057feb6_1,https://umn.maps.arcgis.com/home/item.html?id=5d4a0f170e8e4858b8142ffc2057feb6&sublayer=1,05d-07,,Public,ArcGIS Python API,2022-02-28,Active,FALSE,???
,Level 3 (Land Use 2000),,eng,U-Spatial,University of Minnesota,??? Web services,,,,,,,,"-180.0,-89.0006,-179.9854,89.0",??? 05d-07|b0153110-e455-4ced-9114-9b13250a7093,??? ,https://umn.maps.arcgis.com/home/item.html?id=5d4a0f170e8e4858b8142ffc2057feb6&sublayer=2,,,,,??? 5d4a0f170e8e4858b8142ffc2057feb6_2,https://umn.maps.arcgis.com/home/item.html?id=5d4a0f170e8e4858b8142ffc2057feb6&sublayer=2,05d-07,,Public,ArcGIS Python API,2022-02-28,Active,FALSE,???
,Level 4 (Land Use 2000),,eng,U-Spatial,University of Minnesota,??? Web services,,,,,,,,"-180.0,-89.0006,-179.9854,89.0",??? 05d-07|b0153110-e455-4ced-9114-9b13250a7093,??? ,https://umn.maps.arcgis.com/home/item.html?id=5d4a0f170e8e4858b8142ffc2057feb6&sublayer=3,,,,,??? 5d4a0f170e8e4858b8142ffc2057feb6_3,https://umn.maps.arcgis.com/home/item.html?id=5d4a0f170e8e4858b8142ffc2057feb6&sublayer=3,05d-07,,Public,ArcGIS Python API,2022-02-28,Active,FALSE,???
,Level 5 (Land Use 2000),,eng,U-Spatial,University of Minnesota,??? Web services,,,,,,,,"-180.0,-89.0006,-179.9854,89.0",??? 05d-07|b0153110-e455-4ced-9114-9b13250a7093,??? ,https://umn.maps.arcgis.com/home/item.html?id=5d4a0f170e8e4858b8142ffc2057feb6&sublayer=4,,,,,??? 5d4a0f170e8e4858b8142ffc2057feb6_4,https://umn.maps.arcgis.com/home/item.html?id=5d4a0f170e8e4858b8142ffc2057feb6&sublayer=4,05d-07,,Public,ArcGIS Python API,2022-02-28,Active,FALSE,???
,Level 6 (Land Use 2000),,eng,U-Spatial,University of Minnesota,??? Web services,,,,,,,,"-180.0,-89.0006,-179.9854,89.0",??? 05d-07|b0153110-e455-4ced-9114-9b13250a7093,??? ,https://umn.maps.arcgis.com/home/item.html?id=5d4a0f170e8e4858b8142ffc2057feb6&sublayer=5,,,,,??? 5d4a0f170e8e4858b8142ffc2057feb6_5,https://umn.maps.arcgis.com/home/item.html?id=5d4a0f170e8e4858b8142ffc2057feb6&sublayer=5,05d-07,,Public,ArcGIS Python API,2022-02-28,Active,FALSE,???
,Level 7 (Land Use 2000),,eng,U-Spatial,University of Minnesota,??? Web services,,,,,,,,"-180.0,-89.0006,-179.9854,89.0",??? 05d-07|b0153110-e455-4ced-9114-9b13250a7093,??? ,https://umn.maps.arcgis.com/home/item.html?id=5d4a0f170e8e4858b8142ffc2057feb6&sublayer=6,,,,,??? 5d4a0f170e8e4858b8142ffc2057feb6_6,https://umn.maps.arcgis.com/home/item.html?id=5d4a0f170e8e4858b8142ffc2057feb6&sublayer=6,05d-07,,Public,ArcGIS Python API,2022-02-28,Active,FALSE,???
,Predominant_Language_Family,,eng,U-Spatial,University of Minnesota,??? Web services,,,,2016-12-01,,,,"-180.0,-89.0,180.0,83.6236",??? 05d-07|b0153110-e455-4ced-9114-9b13250a7093,??? ,https://umn.maps.arcgis.com/home/item.html?id=fbfa22fd77064334a5c0c452e9dd6084&sublayer=0,,,,,??? fbfa22fd77064334a5c0c452e9dd6084_0,https://umn.maps.arcgis.com/home/item.html?id=fbfa22fd77064334a5c0c452e9dd6084&sublayer=0,05d-07,,Public,ArcGIS Python API,2022-02-28,Active,FALSE,???
,Predominant_Language,This map displays predominant language by country. Language by country attributes include language and language family.,eng,U-Spatial,University of Minnesota,??? Web services,,,,2016-12-01,,,,"-180.0,-89.0,180.0,83.6236",??? 05d-07|b0153110-e455-4ced-9114-9b13250a7093,??? ,https://umn.maps.arcgis.com/home/item.html?id=fbfa22fd77064334a5c0c452e9dd6084&sublayer=1,,,,,??? fbfa22fd77064334a5c0c452e9dd6084_1,https://umn.maps.arcgis.com/home/item.html?id=fbfa22fd77064334a5c0c452e9dd6084&sublayer=1,05d-07,,Public,ArcGIS Python API,2022-02-28,Active,FALSE,???
,Predominant_Religion_Family,,eng,U-Spatial,University of Minnesota,??? Web services,,,,2016-12-01,,,,"-180.0,-89.0,180.0,83.6236",??? 05d-07|b0153110-e455-4ced-9114-9b13250a7093,??? ,https://umn.maps.arcgis.com/home/item.html?id=c8ded0441a5b461baea3781dea67991c&sublayer=0,,,,,??? c8ded0441a5b461baea3781dea67991c_0,https://umn.maps.arcgis.com/home/item.html?id=c8ded0441a5b461baea3781dea67991c&sublayer=0,05d-07,,Public,ArcGIS Python API,2022-02-28,Active,FALSE,???
,Predominant_Religion,,eng,U-Spatial,University of Minnesota,??? Web services,,,,2016-12-01,,,,"-180.0,-89.0,180.0,83.6236",??? 05d-07|b0153110-e455-4ced-9114-9b13250a7093,??? ,https://umn.maps.arcgis.com/home/item.html?id=c8ded0441a5b461baea3781dea67991c&sublayer=1,,,,,??? c8ded0441a5b461baea3781dea67991c_1,https://umn.maps.arcgis.com/home/item.html?id=c8ded0441a5b461baea3781dea67991c&sublayer=1,05d-07,,Public,ArcGIS Python API,2022-02-28,Active,FALSE,???
,Level 1 (Rice),,eng,U-Spatial,University of Minnesota,??? Web services,,,,,,,,"-180.0,-89.0007,-179.9312,89.0",??? 05d-07|b0153110-e455-4ced-9114-9b13250a7093,??? ,https://umn.maps.arcgis.com/home/item.html?id=067b224a0aa34f21b5fed74b69c78d3a&sublayer=0,,,,,??? 067b224a0aa34f21b5fed74b69c78d3a_0,https://umn.maps.arcgis.com/home/item.html?id=067b224a0aa34f21b5fed74b69c78d3a&sublayer=0,05d-07,,Public,ArcGIS Python API,2022-02-28,Active,FALSE,???
,Level 2 (Rice),,eng,U-Spatial,University of Minnesota,??? Web services,,,,,,,,"-180.0,-89.0007,-179.9312,89.0",??? 05d-07|b0153110-e455-4ced-9114-9b13250a7093,??? ,https://umn.maps.arcgis.com/home/item.html?id=067b224a0aa34f21b5fed74b69c78d3a&sublayer=1,,,,,??? 067b224a0aa34f21b5fed74b69c78d3a_1,https://umn.maps.arcgis.com/home/item.html?id=067b224a0aa34f21b5fed74b69c78d3a&sublayer=1,05d-07,,Public,ArcGIS Python API,2022-02-28,Active,FALSE,???
,Level 3 (Rice),,eng,U-Spatial,University of Minnesota,??? Web services,,,,,,,,"-180.0,-89.0007,-179.9312,89.0",??? 05d-07|b0153110-e455-4ced-9114-9b13250a7093,??? ,https://umn.maps.arcgis.com/home/item.html?id=067b224a0aa34f21b5fed74b69c78d3a&sublayer=2,,,,,??? 067b224a0aa34f21b5fed74b69c78d3a_2,https://umn.maps.arcgis.com/home/item.html?id=067b224a0aa34f21b5fed74b69c78d3a&sublayer=2,05d-07,,Public,ArcGIS Python API,2022-02-28,Active,FALSE,???
,Level 4 (Rice),,eng,U-Spatial,University of Minnesota,??? Web services,,,,,,,,"-180.0,-89.0007,-179.9312,89.0",??? 05d-07|b0153110-e455-4ced-9114-9b13250a7093,??? ,https://umn.maps.arcgis.com/home/item.html?id=067b224a0aa34f21b5fed74b69c78d3a&sublayer=3,,,,,??? 067b224a0aa34f21b5fed74b69c78d3a_3,https://umn.maps.arcgis.com/home/item.html?id=067b224a0aa34f21b5fed74b69c78d3a&sublayer=3,05d-07,,Public,ArcGIS Python API,2022-02-28,Active,FALSE,???
,Level 5 (Rice),,eng,U-Spatial,University of Minnesota,??? Web services,,,,,,,,"-180.0,-89.0007,-179.9312,89.0",??? 05d-07|b0153110-e455-4ced-9114-9b13250a7093,??? ,https://umn.maps.arcgis.com/home/item.html?id=067b224a0aa34f21b5fed74b69c78d3a&sublayer=4,,,,,??? 067b224a0aa34f21b5fed74b69c78d3a_4,https://umn.maps.arcgis.com/home/item.html?id=067b224a0aa34f21b5fed74b69c78d3a&sublayer=4,05d-07,,Public,ArcGIS Python API,2022-02-28,Active,FALSE,???
,Level 6 (Rice),,eng,U-Spatial,University of Minnesota,??? Web services,,,,,,,,"-180.0,-89.0007,-179.9312,89.0",??? 05d-07|b0153110-e455-4ced-9114-9b13250a7093,??? ,https://umn.maps.arcgis.com/home/item.html?id=067b224a0aa34f21b5fed74b69c78d3a&sublayer=5,,,,,??? 067b224a0aa34f21b5fed74b69c78d3a_5,https://umn.maps.arcgis.com/home/item.html?id=067b224a0aa34f21b5fed74b69c78d3a&sublayer=5,05d-07,,Public,ArcGIS Python API,2022-02-28,Active,FALSE,???
,Level 7 (Rice),,eng,U-Spatial,University of Minnesota,??? Web services,,,,,,,,"-180.0,-89.0007,-179.9312,89.0",??? 05d-07|b0153110-e455-4ced-9114-9b13250a7093,??? ,https://umn.maps.arcgis.com/home/item.html?id=067b224a0aa34f21b5fed74b69c78d3a&sublayer=6,,,,,??? 067b224a0aa34f21b5fed74b69c78d3a_6,https://umn.maps.arcgis.com/home/item.html?id=067b224a0aa34f21b5fed74b69c78d3a&sublayer=6,05d-07,,Public,ArcGIS Python API,2022-02-28,Active,FALSE,???
,Level 1 (Soybean),,eng,U-Spatial,University of Minnesota,??? Web services,,,,,,,,"-180.0,-89.0007,-179.9312,89.0",??? 05d-07|b0153110-e455-4ced-9114-9b13250a7093,??? ,https://umn.maps.arcgis.com/home/item.html?id=f227d1f03b1c49a9b30c1f82127cb2f0&sublayer=0,,,,,??? f227d1f03b1c49a9b30c1f82127cb2f0_0,https://umn.maps.arcgis.com/home/item.html?id=f227d1f03b1c49a9b30c1f82127cb2f0&sublayer=0,05d-07,,Public,ArcGIS Python API,2022-02-28,Active,FALSE,???
,Level 2 (Soybean),,eng,U-Spatial,University of Minnesota,??? Web services,,,,,,,,"-180.0,-89.0007,-179.9312,89.0",??? 05d-07|b0153110-e455-4ced-9114-9b13250a7093,??? ,https://umn.maps.arcgis.com/home/item.html?id=f227d1f03b1c49a9b30c1f82127cb2f0&sublayer=1,,,,,??? f227d1f03b1c49a9b30c1f82127cb2f0_1,https://umn.maps.arcgis.com/home/item.html?id=f227d1f03b1c49a9b30c1f82127cb2f0&sublayer=1,05d-07,,Public,ArcGIS Python API,2022-02-28,Active,FALSE,???
,Level 3 (Soybean),,eng,U-Spatial,University of Minnesota,??? Web services,,,,,,,,"-180.0,-89.0007,-179.9312,89.0",??? 05d-07|b0153110-e455-4ced-9114-9b13250a7093,??? ,https://umn.maps.arcgis.com/home/item.html?id=f227d1f03b1c49a9b30c1f82127cb2f0&sublayer=2,,,,,??? f227d1f03b1c49a9b30c1f82127cb2f0_2,https://umn.maps.arcgis.com/home/item.html?id=f227d1f03b1c49a9b30c1f82127cb2f0&sublayer=2,05d-07,,Public,ArcGIS Python API,2022-02-28,Active,FALSE,???
,Level 4 (Soybean),,eng,U-Spatial,University of Minnesota,??? Web services,,,,,,,,"-180.0,-89.0007,-179.9312,89.0",??? 05d-07|b0153110-e455-4ced-9114-9b13250a7093,??? ,https://umn.maps.arcgis.com/home/item.html?id=f227d1f03b1c49a9b30c1f82127cb2f0&sublayer=3,,,,,??? f227d1f03b1c49a9b30c1f82127cb2f0_3,https://umn.maps.arcgis.com/home/item.html?id=f227d1f03b1c49a9b30c1f82127cb2f0&sublayer=3,05d-07,,Public,ArcGIS Python API,2022-02-28,Active,FALSE,???
,Level 5 (Soybean),,eng,U-Spatial,University of Minnesota,??? Web services,,,,,,,,"-180.0,-89.0007,-179.9312,89.0",??? 05d-07|b0153110-e455-4ced-9114-9b13250a7093,??? ,https://umn.maps.arcgis.com/home/item.html?id=f227d1f03b1c49a9b30c1f82127cb2f0&sublayer=4,,,,,??? f227d1f03b1c49a9b30c1f82127cb2f0_4,https://umn.maps.arcgis.com/home/item.html?id=f227d1f03b1c49a9b30c1f82127cb2f0&sublayer=4,05d-07,,Public,ArcGIS Python API,2022-02-28,Active,FALSE,???
,Level 6 (Soybean),,eng,U-Spatial,University of Minnesota,??? Web services,,,,,,,,"-180.0,-89.0007,-179.9312,89.0",??? 05d-07|b0153110-e455-4ced-9114-9b13250a7093,??? ,https://umn.maps.arcgis.com/home/item.html?id=f227d1f03b1c49a9b30c1f82127cb2f0&sublayer=5,,,,,??? f227d1f03b1c49a9b30c1f82127cb2f0_5,https://umn.maps.arcgis.com/home/item.html?id=f227d1f03b1c49a9b30c1f82127cb2f0&sublayer=5,05d-07,,Public,ArcGIS Python API,2022-02-28,Active,FALSE,???
,Level 7 (Soybean),,eng,U-Spatial,University of Minnesota,??? Web services,,,,,,,,"-180.0,-89.0007,-179.9312,89.0",??? 05d-07|b0153110-e455-4ced-9114-9b13250a7093,??? ,https://umn.maps.arcgis.com/home/item.html?id=f227d1f03b1c49a9b30c1f82127cb2f0&sublayer=6,,,,,??? f227d1f03b1c49a9b30c1f82127cb2f0_6,https://umn.maps.arcgis.com/home/item.html?id=f227d1f03b1c49a9b30c1f82127cb2f0&sublayer=6,05d-07,,Public,ArcGIS Python API,2022-02-28,Active,FALSE,???
,Level 1 (Urban),,eng,U-Spatial,University of Minnesota,??? Web services,,,,,,,,"-180.0,-89.0008,-179.9283,89.0",??? 05d-07|b0153110-e455-4ced-9114-9b13250a7093,??? ,https://umn.maps.arcgis.com/home/item.html?id=87b1e7d2ecc94a3fa8a0d5c8f63b0dfa&sublayer=0,,,,,??? 87b1e7d2ecc94a3fa8a0d5c8f63b0dfa_0,https://umn.maps.arcgis.com/home/item.html?id=87b1e7d2ecc94a3fa8a0d5c8f63b0dfa&sublayer=0,05d-07,,Public,ArcGIS Python API,2022-02-28,Active,FALSE,???
,Level 2 (Urban),,eng,U-Spatial,University of Minnesota,??? Web services,,,,,,,,"-180.0,-89.0008,-179.9283,89.0",??? 05d-07|b0153110-e455-4ced-9114-9b13250a7093,??? ,https://umn.maps.arcgis.com/home/item.html?id=87b1e7d2ecc94a3fa8a0d5c8f63b0dfa&sublayer=1,,,,,??? 87b1e7d2ecc94a3fa8a0d5c8f63b0dfa_1,https://umn.maps.arcgis.com/home/item.html?id=87b1e7d2ecc94a3fa8a0d5c8f63b0dfa&sublayer=1,05d-07,,Public,ArcGIS Python API,2022-02-28,Active,FALSE,???
,Level 3 (Urban),,eng,U-Spatial,University of Minnesota,??? Web services,,,,,,,,"-180.0,-89.0008,-179.9283,89.0",??? 05d-07|b0153110-e455-4ced-9114-9b13250a7093,??? ,https://umn.maps.arcgis.com/home/item.html?id=87b1e7d2ecc94a3fa8a0d5c8f63b0dfa&sublayer=2,,,,,??? 87b1e7d2ecc94a3fa8a0d5c8f63b0dfa_2,https://umn.maps.arcgis.com/home/item.html?id=87b1e7d2ecc94a3fa8a0d5c8f63b0dfa&sublayer=2,05d-07,,Public,ArcGIS Python API,2022-02-28,Active,FALSE,???
,Level 4 (Urban),,eng,U-Spatial,University of Minnesota,??? Web services,,,,,,,,"-180.0,-89.0008,-179.9283,89.0",??? 05d-07|b0153110-e455-4ced-9114-9b13250a7093,??? ,https://umn.maps.arcgis.com/home/item.html?id=87b1e7d2ecc94a3fa8a0d5c8f63b0dfa&sublayer=3,,,,,??? 87b1e7d2ecc94a3fa8a0d5c8f63b0dfa_3,https://umn.maps.arcgis.com/home/item.html?id=87b1e7d2ecc94a3fa8a0d5c8f63b0dfa&sublayer=3,05d-07,,Public,ArcGIS Python API,2022-02-28,Active,FALSE,???
,Level 5 (Urban),,eng,U-Spatial,University of Minnesota,??? Web services,,,,,,,,"-180.0,-89.0008,-179.9283,89.0",??? 05d-07|b0153110-e455-4ced-9114-9b13250a7093,??? ,https://umn.maps.arcgis.com/home/item.html?id=87b1e7d2ecc94a3fa8a0d5c8f63b0dfa&sublayer=4,,,,,??? 87b1e7d2ecc94a3fa8a0d5c8f63b0dfa_4,https://umn.maps.arcgis.com/home/item.html?id=87b1e7d2ecc94a3fa8a0d5c8f63b0dfa&sublayer=4,05d-07,,Public,ArcGIS Python API,2022-02-28,Active,FALSE,???
,Level 6 (Urban),,eng,U-Spatial,University of Minnesota,??? Web services,,,,,,,,"-180.0,-89.0008,-179.9283,89.0",??? 05d-07|b0153110-e455-4ced-9114-9b13250a7093,??? ,https://umn.maps.arcgis.com/home/item.html?id=87b1e7d2ecc94a3fa8a0d5c8f63b0dfa&sublayer=5,,,,,??? 87b1e7d2ecc94a3fa8a0d5c8f63b0dfa_5,https://umn.maps.arcgis.com/home/item.html?id=87b1e7d2ecc94a3fa8a0d5c8f63b0dfa&sublayer=5,05d-07,,Public,ArcGIS Python API,2022-02-28,Active,FALSE,???
,Level 7 (Urban),,eng,U-Spatial,University of Minnesota,??? Web services,,,,,,,,"-180.0,-89.0008,-179.9283,89.0",??? 05d-07|b0153110-e455-4ced-9114-9b13250a7093,??? ,https://umn.maps.arcgis.com/home/item.html?id=87b1e7d2ecc94a3fa8a0d5c8f63b0dfa&sublayer=6,,,,,??? 87b1e7d2ecc94a3fa8a0d5c8f63b0dfa_6,https://umn.maps.arcgis.com/home/item.html?id=87b1e7d2ecc94a3fa8a0d5c8f63b0dfa&sublayer=6,05d-07,,Public,ArcGIS Python API,2022-02-28,Active,FALSE,???
,Level 1 (Wheat),,eng,U-Spatial,University of Minnesota,??? Web services,,,,,,,,"-180.0,-89.0007,-179.9312,89.0",??? 05d-07|b0153110-e455-4ced-9114-9b13250a7093,??? ,https://umn.maps.arcgis.com/home/item.html?id=4a24cede1d9540a7a247710058d9d976&sublayer=0,,,,,??? 4a24cede1d9540a7a247710058d9d976_0,https://umn.maps.arcgis.com/home/item.html?id=4a24cede1d9540a7a247710058d9d976&sublayer=0,05d-07,,Public,ArcGIS Python API,2022-02-28,Active,FALSE,???
,Level 2 (Wheat),,eng,U-Spatial,University of Minnesota,??? Web services,,,,,,,,"-180.0,-89.0007,-179.9312,89.0",??? 05d-07|b0153110-e455-4ced-9114-9b13250a7093,??? ,https://umn.maps.arcgis.com/home/item.html?id=4a24cede1d9540a7a247710058d9d976&sublayer=1,,,,,??? 4a24cede1d9540a7a247710058d9d976_1,https://umn.maps.arcgis.com/home/item.html?id=4a24cede1d9540a7a247710058d9d976&sublayer=1,05d-07,,Public,ArcGIS Python API,2022-02-28,Active,FALSE,???
,Level 3 (Wheat),,eng,U-Spatial,University of Minnesota,??? Web services,,,,,,,,"-180.0,-89.0007,-179.9312,89.0",??? 05d-07|b0153110-e455-4ced-9114-9b13250a7093,??? ,https://umn.maps.arcgis.com/home/item.html?id=4a24cede1d9540a7a247710058d9d976&sublayer=2,,,,,??? 4a24cede1d9540a7a247710058d9d976_2,https://umn.maps.arcgis.com/home/item.html?id=4a24cede1d9540a7a247710058d9d976&sublayer=2,05d-07,,Public,ArcGIS Python API,2022-02-28,Active,FALSE,???
,Level 4 (Wheat),,eng,U-Spatial,University of Minnesota,??? Web services,,,,,,,,"-180.0,-89.0007,-179.9312,89.0",??? 05d-07|b0153110-e455-4ced-9114-9b13250a7093,??? ,https://umn.maps.arcgis.com/home/item.html?id=4a24cede1d9540a7a247710058d9d976&sublayer=3,,,,,??? 4a24cede1d9540a7a247710058d9d976_3,https://umn.maps.arcgis.com/home/item.html?id=4a24cede1d9540a7a247710058d9d976&sublayer=3,05d-07,,Public,ArcGIS Python API,2022-02-28,Active,FALSE,???
,Level 5 (Wheat),,eng,U-Spatial,University of Minnesota,??? Web services,,,,,,,,"-180.0,-89.0007,-179.9312,89.0",??? 05d-07|b0153110-e455-4ced-9114-9b13250a7093,??? ,https://umn.maps.arcgis.com/home/item.html?id=4a24cede1d9540a7a247710058d9d976&sublayer=4,,,,,??? 4a24cede1d9540a7a247710058d9d976_4,https://umn.maps.arcgis.com/home/item.html?id=4a24cede1d9540a7a247710058d9d976&sublayer=4,05d-07,,Public,ArcGIS Python API,2022-02-28,Active,FALSE,???
,Level 6 (Wheat),,eng,U-Spatial,University of Minnesota,??? Web services,,,,,,,,"-180.0,-89.0007,-179.9312,89.0",??? 05d-07|b0153110-e455-4ced-9114-9b13250a7093,??? ,https://umn.maps.arcgis.com/home/item.html?id=4a24cede1d9540a7a247710058d9d976&sublayer=5,,,,,??? 4a24cede1d9540a7a247710058d9d976_5,https://umn.maps.arcgis.com/home/item.html?id=4a24cede1d9540a7a247710058d9d976&sublayer=5,05d-07,,Public,ArcGIS Python API,2022-02-28,Active,FALSE,???
,Level 7 (Wheat),,eng,U-Spatial,University of Minnesota,??? Web services,,,,,,,,"-180.0,-89.0007,-179.9312,89.0",??? 05d-07|b0153110-e455-4ced-9114-9b13250a7093,??? ,https://umn.maps.arcgis.com/home/item.html?id=4a24cede1d9540a7a247710058d9d976&sublayer=6,,,,,??? 4a24cede1d9540a7a247710058d9d976_6,https://umn.maps.arcgis.com/home/item.html?id=4a24cede1d9540a7a247710058d9d976&sublayer=6,05d-07,,Public,ArcGIS Python API,2022-02-28,Active,FALSE,???
,Level 1 (Barren Inabited),,eng,U-Spatial,University of Minnesota,??? Web services,,,,,,,,"-180.0,-89.0008,-179.9283,89.0",??? 05d-07|b0153110-e455-4ced-9114-9b13250a7093,??? ,https://umn.maps.arcgis.com/home/item.html?id=3aab3102508542488f8b5de22bdd6b49&sublayer=0,,,,,??? 3aab3102508542488f8b5de22bdd6b49_0,https://umn.maps.arcgis.com/home/item.html?id=3aab3102508542488f8b5de22bdd6b49&sublayer=0,05d-07,,Public,ArcGIS Python API,2022-02-28,Active,FALSE,???
,Level 2 (Barren Inabited),,eng,U-Spatial,University of Minnesota,??? Web services,,,,,,,,"-180.0,-89.0008,-179.9283,89.0",??? 05d-07|b0153110-e455-4ced-9114-9b13250a7093,??? ,https://umn.maps.arcgis.com/home/item.html?id=3aab3102508542488f8b5de22bdd6b49&sublayer=1,,,,,??? 3aab3102508542488f8b5de22bdd6b49_1,https://umn.maps.arcgis.com/home/item.html?id=3aab3102508542488f8b5de22bdd6b49&sublayer=1,05d-07,,Public,ArcGIS Python API,2022-02-28,Active,FALSE,???
,Level 3 (Barren Inabited),,eng,U-Spatial,University of Minnesota,??? Web services,,,,,,,,"-180.0,-89.0008,-179.9283,89.0",??? 05d-07|b0153110-e455-4ced-9114-9b13250a7093,??? ,https://umn.maps.arcgis.com/home/item.html?id=3aab3102508542488f8b5de22bdd6b49&sublayer=2,,,,,??? 3aab3102508542488f8b5de22bdd6b49_2,https://umn.maps.arcgis.com/home/item.html?id=3aab3102508542488f8b5de22bdd6b49&sublayer=2,05d-07,,Public,ArcGIS Python API,2022-02-28,Active,FALSE,???
,Level 4 (Barren Inabited),,eng,U-Spatial,University of Minnesota,??? Web services,,,,,,,,"-180.0,-89.0008,-179.9283,89.0",??? 05d-07|b0153110-e455-4ced-9114-9b13250a7093,??? ,https://umn.maps.arcgis.com/home/item.html?id=3aab3102508542488f8b5de22bdd6b49&sublayer=3,,,,,??? 3aab3102508542488f8b5de22bdd6b49_3,https://umn.maps.arcgis.com/home/item.html?id=3aab3102508542488f8b5de22bdd6b49&sublayer=3,05d-07,,Public,ArcGIS Python API,2022-02-28,Active,FALSE,???
,Level 5 (Barren Inabited),,eng,U-Spatial,University of Minnesota,??? Web services,,,,,,,,"-180.0,-89.0008,-179.9283,89.0",??? 05d-07|b0153110-e455-4ced-9114-9b13250a7093,??? ,https://umn.maps.arcgis.com/home/item.html?id=3aab3102508542488f8b5de22bdd6b49&sublayer=4,,,,,??? 3aab3102508542488f8b5de22bdd6b49_4,https://umn.maps.arcgis.com/home/item.html?id=3aab3102508542488f8b5de22bdd6b49&sublayer=4,05d-07,,Public,ArcGIS Python API,2022-02-28,Active,FALSE,???
,Level 6 (Barren Inabited),,eng,U-Spatial,University of Minnesota,??? Web services,,,,,,,,"-180.0,-89.0008,-179.9283,89.0",??? 05d-07|b0153110-e455-4ced-9114-9b13250a7093,??? ,https://umn.maps.arcgis.com/home/item.html?id=3aab3102508542488f8b5de22bdd6b49&sublayer=5,,,,,??? 3aab3102508542488f8b5de22bdd6b49_5,https://umn.maps.arcgis.com/home/item.html?id=3aab3102508542488f8b5de22bdd6b49&sublayer=5,05d-07,,Public,ArcGIS Python API,2022-02-28,Active,FALSE,???
,Level 7 (Barren Inabited),,eng,U-Spatial,University of Minnesota,??? Web services,,,,,,,,"-180.0,-89.0008,-179.9283,89.0",??? 05d-07|b0153110-e455-4ced-9114-9b13250a7093,??? ,https://umn.maps.arcgis.com/home/item.html?id=3aab3102508542488f8b5de22bdd6b49&sublayer=6,,,,,??? 3aab3102508542488f8b5de22bdd6b49_6,https://umn.maps.arcgis.com/home/item.html?id=3aab3102508542488f8b5de22bdd6b49&sublayer=6,05d-07,,Public,ArcGIS Python API,2022-02-28,Active,FALSE,???
,Level 1 (Corn),,eng,U-Spatial,University of Minnesota,??? Web services,,,,,,,,"-180.0,-89.0007,-179.9312,89.0",??? 05d-07|b0153110-e455-4ced-9114-9b13250a7093,??? ,https://umn.maps.arcgis.com/home/item.html?id=4c20fe3080a94ee58f295a2e6b03b191&sublayer=0,,,,,??? 4c20fe3080a94ee58f295a2e6b03b191_0,https://umn.maps.arcgis.com/home/item.html?id=4c20fe3080a94ee58f295a2e6b03b191&sublayer=0,05d-07,,Public,ArcGIS Python API,2022-02-28,Active,FALSE,???
,Level 2 (Corn),,eng,U-Spatial,University of Minnesota,??? Web services,,,,,,,,"-180.0,-89.0007,-179.9312,89.0",??? 05d-07|b0153110-e455-4ced-9114-9b13250a7093,??? ,https://umn.maps.arcgis.com/home/item.html?id=4c20fe3080a94ee58f295a2e6b03b191&sublayer=1,,,,,??? 4c20fe3080a94ee58f295a2e6b03b191_1,https://umn.maps.arcgis.com/home/item.html?id=4c20fe3080a94ee58f295a2e6b03b191&sublayer=1,05d-07,,Public,ArcGIS Python API,2022-02-28,Active,FALSE,???
,Level 3 (Corn),,eng,U-Spatial,University of Minnesota,??? Web services,,,,,,,,"-180.0,-89.0007,-179.9312,89.0",??? 05d-07|b0153110-e455-4ced-9114-9b13250a7093,??? ,https://umn.maps.arcgis.com/home/item.html?id=4c20fe3080a94ee58f295a2e6b03b191&sublayer=2,,,,,??? 4c20fe3080a94ee58f295a2e6b03b191_2,https://umn.maps.arcgis.com/home/item.html?id=4c20fe3080a94ee58f295a2e6b03b191&sublayer=2,05d-07,,Public,ArcGIS Python API,2022-02-28,Active,FALSE,???
,Level 4 (Corn),,eng,U-Spatial,University of Minnesota,??? Web services,,,,,,,,"-180.0,-89.0007,-179.9312,89.0",??? 05d-07|b0153110-e455-4ced-9114-9b13250a7093,??? ,https://umn.maps.arcgis.com/home/item.html?id=4c20fe3080a94ee58f295a2e6b03b191&sublayer=3,,,,,??? 4c20fe3080a94ee58f295a2e6b03b191_3,https://umn.maps.arcgis.com/home/item.html?id=4c20fe3080a94ee58f295a2e6b03b191&sublayer=3,05d-07,,Public,ArcGIS Python API,2022-02-28,Active,FALSE,???
,Level 5 (Corn),,eng,U-Spatial,University of Minnesota,??? Web services,,,,,,,,"-180.0,-89.0007,-179.9312,89.0",??? 05d-07|b0153110-e455-4ced-9114-9b13250a7093,??? ,https://umn.maps.arcgis.com/home/item.html?id=4c20fe3080a94ee58f295a2e6b03b191&sublayer=4,,,,,??? 4c20fe3080a94ee58f295a2e6b03b191_4,https://umn.maps.arcgis.com/home/item.html?id=4c20fe3080a94ee58f295a2e6b03b191&sublayer=4,05d-07,,Public,ArcGIS Python API,2022-02-28,Active,FALSE,???
,Level 6 (Corn),,eng,U-Spatial,University of Minnesota,??? Web services,,,,,,,,"-180.0,-89.0007,-179.9312,89.0",??? 05d-07|b0153110-e455-4ced-9114-9b13250a7093,??? ,https://umn.maps.arcgis.com/home/item.html?id=4c20fe3080a94ee58f295a2e6b03b191&sublayer=5,,,,,??? 4c20fe3080a94ee58f295a2e6b03b191_5,https://umn.maps.arcgis.com/home/item.html?id=4c20fe3080a94ee58f295a2e6b03b191&sublayer=5,05d-07,,Public,ArcGIS Python API,2022-02-28,Active,FALSE,???
,Level 7 (Corn),,eng,U-Spatial,University of Minnesota,??? Web services,,,,,,,,"-180.0,-89.0007,-179.9312,89.0",??? 05d-07|b0153110-e455-4ced-9114-9b13250a7093,??? ,https://umn.maps.arcgis.com/home/item.html?id=4c20fe3080a94ee58f295a2e6b03b191&sublayer=6,,,,,??? 4c20fe3080a94ee58f295a2e6b03b191_6,https://umn.maps.arcgis.com/home/item.html?id=4c20fe3080a94ee58f295a2e6b03b191&sublayer=6,05d-07,,Public,ArcGIS Python API,2022-02-28,Active,FALSE,???
